date,home,away,p_home,p_draw,p_away,actual,pred,provisional_rating,odds_home,odds_draw,odds_away,hthg,htag
2025-08-15,Liverpool,Bournemouth,0.6837978381124545,0.16955176300934185,0.14665039887820358,0,0,False,1.29,6.02,8.68,1,0
2025-08-16,Aston Villa,Newcastle,0.3863555208926568,0.23206750008390997,0.38157697902343335,1,0,False,2.38,3.41,2.93,0,0
2025-08-16,Brighton,Fulham,0.5431389574214458,0.22464559182581037,0.23221545075274388,1,0,False,1.83,3.64,4.26,0,0
2025-08-16,Sunderland,West Ham,0.3316055223785409,0.24557112321766494,0.4228233544037939,0,2,True,3.4,3.17,2.25,0,0
2025-08-16,Tottenham,Burnley,0.6233910285697277,0.19838609841356555,0.17822287301670642,0,0,False,1.55,4.01,6.16,1,0
2025-08-16,Wolves,Man City,0.1951493398430374,0.22201810167921973,0.582832558477743,2,2,False,6.24,4.32,1.51,0,2
2025-08-17,Chelsea,Crystal Palace,0.5296562830530738,0.22486765423754793,0.24547606270937836,1,0,False,1.82,3.72,4.26,0,0
2025-08-17,Man United,Arsenal,0.26345523454406994,0.23647115070013416,0.500073614755796,2,2,False,3.79,3.7,1.93,0,1
2025-08-17,Nott'm Forest,Brentford,0.37852369680209497,0.254017114497458,0.367459188700447,0,0,False,1.91,3.44,4.16,3,0
2025-08-18,Leeds,Everton,0.3895473085737461,0.2668503067018299,0.34360238472442395,0,0,False,2.34,3.21,3.16,0,0
2025-08-22,West Ham,Chelsea,0.3199952157114997,0.23576134207546162,0.44424344221303863,2,2,False,4.75,3.82,1.72,1,3
2025-08-23,Man City,Tottenham,0.6677839873328956,0.1792408694523086,0.15297514321479572,2,0,False,1.54,4.53,5.46,0,2
2025-08-23,Burnley,Sunderland,0.3318357436949506,0.3012697063624848,0.36689454994256454,0,2,False,2.38,3.11,3.22,0,0
2025-08-23,Arsenal,Leeds,0.7161185884140047,0.17689483064465786,0.10698658094133737,0,0,False,1.33,5.36,8.94,2,0
2025-08-23,Bournemouth,Wolves,0.5918408237524113,0.21789832949559196,0.19026084675199673,0,0,False,1.8,3.74,4.32,1,0
2025-08-23,Brentford,Aston Villa,0.47589673096402985,0.23429026874079195,0.2898130002951783,0,0,False,3.25,3.45,2.18,1,0
2025-08-24,Crystal Palace,Nott'm Forest,0.5039710710842558,0.2505327688479173,0.24549616006782704,1,0,False,2.39,3.24,3.06,1,0
2025-08-24,Everton,Brighton,0.3752621622566269,0.2510243298860361,0.37371350785733704,0,0,False,2.9,3.34,2.43,1,0
2025-08-24,Fulham,Man United,0.43742924180560555,0.24459803737112373,0.3179727208232705,1,0,False,3.45,3.51,2.08,0,0
2025-08-25,Newcastle,Liverpool,0.39227915630408944,0.222264426844656,0.3854564168512544,2,0,False,2.92,3.65,2.29,0,1
2025-08-30,Tottenham,Bournemouth,0.4706933678373588,0.2253462681474587,0.3039603640151823,2,0,False,1.89,3.75,3.84,0,1
2025-08-30,Wolves,Everton,0.36975376599403686,0.2695763315332977,0.3606699024726654,2,0,False,3.33,3.11,2.32,1,2
2025-08-30,Sunderland,Brentford,0.3749230957017684,0.2859415002145212,0.33913540408371046,0,0,False,3.1,3.25,2.35,0,0
2025-08-30,Leeds,Newcastle,0.264130111365371,0.233947236976373,0.501922651658256,1,2,False,3.67,3.36,2.06,0,0
2025-08-30,Chelsea,Fulham,0.572085173030193,0.21629974728914944,0.21161507968065757,0,0,False,1.67,3.93,5.03,1,0
2025-08-30,Man United,Burnley,0.6044081849785342,0.2105879416435459,0.1850038733779198,0,0,False,1.38,5.06,7.6,1,0
2025-08-31,Aston Villa,Crystal Palace,0.47532192675003193,0.24409762513503297,0.2805804481149351,2,0,False,2.09,3.51,3.44,0,1
2025-08-31,Brighton,Man City,0.3293941226925523,0.2373542443936865,0.43325163291376123,0,2,False,3.47,3.64,2.03,0,1
2025-08-31,Liverpool,Arsenal,0.45425098377905615,0.23722820935223524,0.30852080686870864,0,0,False,2.37,3.33,3.01,0,0
2025-08-31,Nott'm Forest,West Ham,0.49480726219240356,0.24666819904222204,0.25852453876537435,2,0,False,1.65,4.01,4.98,0,0
2025-09-13,Crystal Palace,Sunderland,0.46688676079446134,0.28059774216652983,0.252515497039009,1,0,False,1.68,3.65,5.41,0,0
2025-09-13,Arsenal,Nott'm Forest,0.6877857190158057,0.19235785747348633,0.11985642351070788,0,0,False,1.41,4.78,7.48,1,0
2025-09-13,Bournemouth,Brighton,0.44380377439591995,0.23257259053709678,0.32362363506698333,0,0,False,2.42,3.51,2.82,1,0
2025-09-13,Brentford,Chelsea,0.42461270494336034,0.23156994802703018,0.34381734702960964,1,0,False,4.21,3.72,1.83,1,0
2025-09-13,Everton,Aston Villa,0.4004581026087528,0.25374121659312515,0.34580068079812215,1,0,False,2.62,3.2,2.8,0,0
2025-09-13,Fulham,Leeds,0.495205359439041,0.2533681574951834,0.25142648306577553,0,0,False,2.04,3.37,3.76,0,0
2025-09-13,Newcastle,Wolves,0.7002617481819657,0.17542919563465442,0.12430905618338006,0,0,False,1.36,5.0,8.48,1,0
2025-09-13,West Ham,Tottenham,0.3820516565385965,0.23424543561328415,0.38370290784811933,2,2,False,3.27,3.51,2.17,0,0
2025-09-14,Burnley,Liverpool,0.15767823138921427,0.18630847170857454,0.6560132969022111,2,2,False,8.63,5.54,1.32,0,0
2025-09-14,Man City,Man United,0.6593719280245431,0.18455784321240895,0.15607022876304796,0,0,False,1.65,4.14,4.83,1,0
2025-09-20,Man United,Chelsea,0.39899380643540194,0.22993863254503394,0.37106756101956395,0,0,False,2.64,3.62,2.51,2,0
2025-09-20,West Ham,Crystal Palace,0.36031176876186394,0.25109190882042876,0.38859632241770736,2,2,False,3.04,3.42,2.31,0,1
2025-09-20,Liverpool,Everton,0.7030104535434927,0.17060557128873324,0.12638397516777414,0,0,False,1.51,4.35,6.31,2,0
2025-09-20,Wolves,Leeds,0.4012940908718786,0.2741341863335279,0.32457172279459334,2,0,False,2.88,3.08,2.58,1,3
2025-09-20,Burnley,Nott'm Forest,0.3463579515425321,0.2654779677288879,0.38816408072858005,1,2,False,3.41,3.31,2.18,1,1
2025-09-20,Brighton,Tottenham,0.5223965746040256,0.2155436073782651,0.2620598180177095,1,0,False,2.17,3.63,3.14,2,1
2025-09-20,Fulham,Brentford,0.3976558900028347,0.24914595671258016,0.35319815328458504,0,0,False,2.12,3.29,3.58,2,1
2025-09-21,Arsenal,Man City,0.48956224104403845,0.24443298888541967,0.2660047700705418,1,0,False,2.05,3.56,3.54,0,1
2025-09-21,Bournemouth,Newcastle,0.3744699656900473,0.23513879445568905,0.3903912398542638,1,2,False,2.38,3.29,3.02,0,0
2025-09-21,Sunderland,Aston Villa,0.36800399311631277,0.2855253439387496,0.34647066294493767,1,0,False,3.8,3.32,2.04,0,0
2025-09-27,Tottenham,Wolves,0.5895008871082767,0.21645223422936075,0.19404687866236248,1,0,False,1.53,4.27,6.05,0,0
2025-09-27,Man City,Burnley,0.7833692141788662,0.139352462002324,0.07727832381880961,0,0,False,1.19,7.02,14.17,1,1
2025-09-27,Leeds,Bournemouth,0.3411745544864303,0.2626782939033556,0.396147151610214,1,2,False,2.96,3.23,2.46,1,1
2025-09-27,Nott'm Forest,Sunderland,0.4173834897335462,0.30250838811566605,0.280108122150788,2,0,False,1.75,3.69,4.73,0,1
2025-09-27,Chelsea,Brighton,0.5046806456538275,0.22335678433647088,0.27196257000970153,2,0,False,1.98,3.75,3.57,1,0
2025-09-27,Brentford,Man United,0.4947902905452458,0.22852687880539221,0.27668283064936183,0,0,False,3.3,3.74,2.07,2,1
2025-09-27,Crystal Palace,Liverpool,0.2905290907184391,0.23406325296769817,0.47540765631386295,0,2,False,4.01,3.71,1.87,1,0
2025-09-28,Aston Villa,Fulham,0.5025042598507913,0.2417935194366293,0.2557022207125793,0,0,False,2.25,3.24,3.34,1,1
2025-09-28,Newcastle,Arsenal,0.3626485057285991,0.2531405024374643,0.3842109918339366,2,2,False,3.4,3.26,2.21,1,0
2025-09-29,Everton,West Ham,0.513246219357123,0.2426196974767284,0.24413408316614849,1,0,False,1.65,3.87,5.28,1,0
2025-10-03,Bournemouth,Fulham,0.5122084315341378,0.2390954117216831,0.24869615674417928,0,0,False,1.95,3.43,4.01,0,0
2025-10-04,Arsenal,West Ham,0.740936962751052,0.16359323589431962,0.0954698013546282,0,0,False,1.18,7.28,14.63,1,0
2025-10-04,Chelsea,Liverpool,0.3472483307878951,0.22525920017808396,0.42749246903402105,0,2,False,2.87,3.64,2.31,1,0
2025-10-04,Leeds,Tottenham,0.374701630451581,0.25398261669685557,0.3713157528515636,2,0,False,2.75,3.35,2.55,1,1
2025-10-04,Man United,Sunderland,0.4830689357538238,0.26422374910303364,0.2527073151431427,0,0,False,1.61,4.22,5.1,2,0
2025-10-05,Wolves,Brighton,0.29890830714182315,0.2509520631019952,0.4501396297561816,1,2,False,3.46,3.53,2.08,1,0
2025-10-05,Everton,Crystal Palace,0.39698487287348994,0.26354793964458006,0.33946718748193005,0,0,False,2.65,3.1,2.82,0,1
2025-10-05,Newcastle,Nott'm Forest,0.6291375895696478,0.2061655729985119,0.16469683743184027,0,0,False,1.51,4.42,6.06,0,0
2025-10-05,Aston Villa,Burnley,0.636346901434548,0.20503309726940228,0.15862000129604967,0,0,False,1.55,4.05,6.13,1,0
2025-10-05,Brentford,Man City,0.3090291975488181,0.23962594733279838,0.4513448551183836,2,2,False,5.03,4.18,1.62,0,1
2025-10-18,Brighton,Newcastle,0.3997576198852909,0.23528116982258865,0.3649612102921206,0,0,False,2.86,3.44,2.42,1,0
2025-10-18,Burnley,Leeds,0.35435986288061183,0.2755021599031136,0.3701379772162744,0,2,False,3.48,3.22,2.19,1,0
2025-10-18,Crystal Palace,Bournemouth,0.4624709530935046,0.24387806361796666,0.2936509832885289,1,0,False,2.13,3.39,3.44,0,2
2025-10-18,Fulham,Arsenal,0.23164072455042695,0.2504759528877706,0.5178833225618025,2,2,False,6.77,4.18,1.5,0,0
2025-10-18,Man City,Everton,0.6678112216624745,0.19439267524336715,0.13779610309415832,0,0,False,1.44,4.46,7.29,0,0
2025-10-18,Nott'm Forest,Chelsea,0.32790159008870634,0.2500906439664658,0.4220077659448279,2,2,False,3.07,3.43,2.27,0,0
2025-10-18,Sunderland,Wolves,0.47766634860933793,0.286894130332177,0.2354395210584852,0,0,False,2.49,3.03,3.08,1,0
2025-10-19,Liverpool,Man United,0.6851224436335093,0.1692630841513192,0.14561447221517146,2,0,False,1.67,4.3,4.55,0,1
2025-10-19,Tottenham,Aston Villa,0.4541439170237742,0.23558927864615486,0.3102668043300709,2,0,False,2.24,3.36,3.21,1,1
2025-10-20,West Ham,Brentford,0.3448943165201471,0.24503271403324123,0.4100729694466118,2,2,False,2.75,3.29,2.57,0,1
2025-10-24,Leeds,West Ham,0.46421717509811444,0.2581110493797664,0.2776717755221193,0,0,False,1.79,3.64,4.56,2,0
2025-10-25,Brentford,Liverpool,0.3146273995924268,0.22589830070969388,0.45947429969787945,0,2,False,3.92,4.01,1.82,2,1
2025-10-25,Chelsea,Sunderland,0.5578642224862362,0.24436977623938133,0.1977660012743826,2,0,False,1.44,4.52,7.2,1,1
2025-10-25,Man United,Brighton,0.43231275608108655,0.23251363760354526,0.33517360631536824,0,0,False,1.99,3.85,3.41,2,0
2025-10-25,Newcastle,Fulham,0.6150197998861652,0.2083487615848977,0.17663143852893715,0,0,False,1.6,3.99,5.62,1,0
2025-10-26,Arsenal,Crystal Palace,0.6402038344471301,0.2061041870161183,0.1536919785367515,0,0,False,1.38,4.91,8.08,1,0
2025-10-26,Aston Villa,Man City,0.2922223873246608,0.24337257786086158,0.4644050348144776,0,2,False,4.16,3.77,1.82,1,0
2025-10-26,Bournemouth,Nott'm Forest,0.5370105509929171,0.23460168580469276,0.22838776320239007,0,0,False,1.95,3.59,3.82,2,0
2025-10-26,Everton,Tottenham,0.42398677901586357,0.2479323103858131,0.3280809105983232,2,0,False,2.2,3.34,3.32,0,2
2025-10-26,Wolves,Burnley,0.49815045563503035,0.25837800555713125,0.24347153880783837,2,0,False,1.92,3.3,4.34,2,2
2025-11-01,Tottenham,Chelsea,0.41014126325862066,0.22890453426114957,0.3609542024802297,2,0,False,3.02,3.44,2.31,0,1
2025-11-01,Nott'm Forest,Man United,0.3816869836092917,0.25045929261588457,0.3678537237748235,1,0,False,3.27,3.63,2.12,0,1
2025-11-01,Liverpool,Aston Villa,0.6577364248417268,0.18238548493621498,0.1598780902220584,0,0,False,1.65,4.28,4.67,1,0
2025-11-01,Fulham,Wolves,0.5242316475456208,0.2488186968011791,0.22694965565320024,0,0,False,1.79,3.69,4.44,1,0
2025-11-01,Crystal Palace,Brentford,0.45406701263389593,0.23897909543655996,0.30695389192954414,0,0,False,2.06,3.43,3.6,1,0
2025-11-01,Burnley,Arsenal,0.1351013559053339,0.20081809931827876,0.6640805447763873,2,2,False,13.66,5.78,1.24,0,2
2025-11-01,Brighton,Leeds,0.5480682456366264,0.23281605574240352,0.21911569862096997,0,0,False,1.93,3.61,3.88,1,0
2025-11-02,Man City,Bournemouth,0.6413490843780671,0.19598986211487177,0.1626610535070608,0,0,False,1.41,5.08,6.86,2,1
2025-11-02,West Ham,Newcastle,0.25237873801449434,0.2255340805043894,0.5220871814811163,0,2,False,4.99,4.08,1.64,2,1
2025-11-03,Sunderland,Everton,0.42210682951680795,0.2917698024146645,0.28612336806852756,1,0,False,3.24,3.09,2.37,0,1
2025-11-08,Chelsea,Wolves,0.6547657948016582,0.19482221510153871,0.15041199009680306,0,0,False,1.36,5.1,8.12,0,0
2025-11-08,Everton,Fulham,0.44282050942369966,0.2600222088259413,0.29715728175035916,0,0,False,2.31,3.21,3.23,1,0
2025-11-08,Sunderland,Arsenal,0.2222916954903963,0.27897303183330135,0.49873527267630235,1,2,False,7.33,4.23,1.46,1,0
2025-11-08,Tottenham,Man United,0.46072047444305175,0.22566455186537815,0.3136149736915702,1,0,False,2.9,3.47,2.38,0,1
2025-11-08,West Ham,Burnley,0.5420081735379675,0.23217218035869291,0.22581964610333966,0,0,False,1.86,3.56,4.23,1,1
2025-11-09,Nott'm Forest,Leeds,0.4371295665604614,0.27045423502258503,0.2924161984169536,0,0,False,2.23,3.14,3.46,1,1
2025-11-09,Man City,Liverpool,0.47866834265259217,0.22500078786952224,0.2963308694778855,0,0,False,1.89,3.94,3.69,2,0
2025-11-09,Aston Villa,Bournemouth,0.4621524394884645,0.24137628252505466,0.29647127798648076,0,0,False,2.3,3.37,3.1,2,0
2025-11-09,Brentford,Newcastle,0.39243538265375616,0.23626103842212512,0.3713035789241188,0,0,False,2.83,3.38,2.47,0,1
2025-11-09,Crystal Palace,Brighton,0.44347462465742005,0.23989276594091682,0.31663260940166327,1,0,False,2.38,3.39,2.97,0,0
2025-11-22,Newcastle,Man City,0.3878525063535848,0.24187267272959254,0.37027482091682273,0,0,False,3.67,3.7,1.95,0,0
2025-11-22,Bournemouth,West Ham,0.5821535419427444,0.21423653845208246,0.2036099196051734,1,0,False,1.67,3.97,4.95,0,2
2025-11-22,Brighton,Brentford,0.4740502262192441,0.23281074792471435,0.2931390258560416,0,0,False,2.1,3.44,3.47,0,1
2025-11-22,Burnley,Chelsea,0.21976745962097177,0.21740826042672914,0.5628242799522989,2,2,False,5.46,4.14,1.58,0,1
2025-11-22,Fulham,Sunderland,0.4409648714023898,0.2830954386235921,0.2759396899740182,0,0,False,2.02,3.33,3.81,0,0
2025-11-22,Liverpool,Nott'm Forest,0.7143567188871947,0.16695688749555793,0.1186863936172474,2,0,False,1.45,4.6,6.58,0,1
2025-11-22,Wolves,Crystal Palace,0.30604357894614254,0.26199692150513415,0.43195949954872326,2,2,False,4.43,3.65,1.81,0,0
2025-11-23,Leeds,Aston Villa,0.3681007834292779,0.2656967860786353,0.3662024304920868,2,0,False,3.22,3.3,2.27,1,0
2025-11-23,Arsenal,Tottenham,0.6850893722651368,0.1830464528287021,0.13186417490616106,0,0,False,1.47,4.29,7.15,2,0
2025-11-24,Man United,Everton,0.504994053784305,0.23667079725959486,0.2583351489561002,2,0,False,1.86,3.69,4.09,0,1
2025-11-29,Brentford,Burnley,0.7026372711997247,0.1739321686362094,0.1234305601640657,0,0,False,1.48,4.36,6.61,0,0
2025-11-29,Everton,Newcastle,0.3228715100191383,0.24626173683480349,0.43086675314605827,2,2,False,2.68,3.3,2.65,0,3
2025-11-29,Man City,Leeds,0.7042190428122106,0.17942531495443176,0.11635564223335745,0,0,False,1.22,6.58,11.56,2,0
2025-11-29,Sunderland,Bournemouth,0.3560582029048122,0.27303126363096586,0.3709105334642221,0,2,False,3.14,3.3,2.3,1,2
2025-11-29,Tottenham,Fulham,0.49005955054346917,0.23610780066763823,0.2738326487888924,2,0,False,2.34,3.35,3.04,0,2
2025-11-30,Nott'm Forest,Brighton,0.3611898329261986,0.25388632681223205,0.38492384026156934,2,2,False,2.85,3.29,2.51,0,1
2025-11-30,Aston Villa,Wolves,0.5868906150349215,0.22563002763043805,0.1874793573346404,0,0,False,1.46,4.46,6.83,0,0
2025-11-30,Chelsea,Arsenal,0.325338855753749,0.247667603787121,0.42699354045912985,1,2,False,3.01,3.14,2.46,0,0
2025-11-30,Crystal Palace,Man United,0.4833888087608435,0.23376694424403574,0.28284424699512084,2,0,False,2.07,3.6,3.4,1,0
2025-11-30,West Ham,Liverpool,0.20362678908644907,0.20055643735387435,0.5958167735596765,2,2,False,5.07,4.49,1.58,0,0
2025-12-02,Newcastle,Tottenham,0.6038038443889355,0.19845705951967668,0.19773909609138784,1,0,False,1.83,3.78,4.07,0,0
2025-12-02,Bournemouth,Everton,0.5167926833168636,0.23716232661832054,0.24604499006481584,2,0,False,2.17,3.4,3.34,0,0
2025-12-02,Fulham,Man City,0.26044381254059906,0.241087815624035,0.498468371835366,2,2,False,5.14,4.08,1.63,1,3
2025-12-03,Wolves,Nott'm Forest,0.3797321174915813,0.27333452117639156,0.34693336133202723,2,0,False,3.1,3.23,2.37,0,0
2025-12-03,Arsenal,Brentford,0.6301935862614882,0.2063642845963604,0.16344212914215137,0,0,False,1.43,4.53,7.43,1,0
2025-12-03,Brighton,Aston Villa,0.5054521527434436,0.231614631190207,0.2629332160663495,2,0,False,2.25,3.42,3.17,2,2
2025-12-03,Burnley,Crystal Palace,0.2625038194430106,0.24285388218716095,0.4946422983698283,2,2,False,4.99,3.62,1.73,0,1
2025-12-03,Leeds,Chelsea,0.3153666588269898,0.24760995352133205,0.43702338765167825,0,2,False,3.94,3.45,1.95,2,0
2025-12-03,Liverpool,Sunderland,0.706433013073072,0.17825424174001386,0.11531274518691423,1,0,False,1.35,5.25,7.98,0,0
2025-12-04,Man United,West Ham,0.5958545173521261,0.20614728322154213,0.19799819942633168,1,0,False,1.4,5.03,7.21,0,0
2025-12-06,Newcastle,Burnley,0.7645639133060333,0.14376502030444088,0.09167106638952577,0,0,False,1.3,5.53,9.5,2,0
2025-12-06,Tottenham,Brentford,0.4149740232368813,0.2338120673189123,0.3512139094442064,0,0,False,2.42,3.35,2.9,2,0
2025-12-06,Man City,Sunderland,0.6840122316954307,0.1962147416194141,0.11977302668515519,0,0,False,1.25,6.18,10.59,2,0
2025-12-06,Aston Villa,Arsenal,0.26123129409312007,0.2487907514406564,0.4899779544662236,0,2,False,4.18,3.47,1.9,1,0
2025-12-06,Everton,Nott'm Forest,0.46852818181124234,0.25982304785543425,0.27164877033332346,0,0,False,2.08,3.28,3.72,2,0
2025-12-06,Bournemouth,Chelsea,0.4132432351865479,0.23322085785155566,0.35353590696189635,1,0,False,3.33,3.75,2.05,0,0
2025-12-06,Leeds,Liverpool,0.24116552548064696,0.22421287780462212,0.534621596714731,1,2,False,4.4,3.88,1.76,0,0
2025-12-07,Brighton,West Ham,0.6237451124355033,0.1983705622801236,0.17788432528437315,1,0,False,1.6,4.24,5.16,0,0
2025-12-07,Fulham,Crystal Palace,0.40307576290631975,0.256079263328322,0.3408449737653582,2,0,False,2.49,3.32,2.85,1,1
2025-12-08,Wolves,Man United,0.3258870719935145,0.2501775972440154,0.42393533076247003,2,2,False,5.04,4.09,1.64,1,1
2025-12-13,Chelsea,Everton,0.5758457194901465,0.21972648689880164,0.2044277936110519,0,0,False,1.71,3.84,4.77,2,0
2025-12-13,Liverpool,Brighton,0.6351661002052316,0.18636929252188764,0.1784646072728808,0,0,False,1.74,3.98,4.37,1,0
2025-12-13,Arsenal,Wolves,0.7651169868274266,0.15609542447745925,0.07878758869511426,0,0,False,1.12,8.9,22.31,0,0
2025-12-13,Burnley,Fulham,0.31615111098262494,0.25821752409272436,0.4256313649246507,2,2,False,3.88,3.41,1.99,1,2
2025-12-14,Brentford,Leeds,0.5624486873780494,0.2253709257534225,0.21218038686852814,1,0,False,2.14,3.25,3.56,0,0
2025-12-14,Crystal Palace,Man City,0.3080806946972807,0.24482147108136654,0.44709783422135274,2,2,False,4.01,3.73,1.85,0,1
2025-12-14,Nott'm Forest,Tottenham,0.4000425134263156,0.253158193376744,0.34679929319694036,0,0,False,2.62,3.31,2.7,1,0
2025-12-14,Sunderland,Newcastle,0.27913798308985843,0.2623625598160281,0.45849945709411344,0,2,False,3.41,3.35,2.16,0,0
2025-12-14,West Ham,Aston Villa,0.34706325319833387,0.24677113845258095,0.40616560834908516,2,2,False,3.31,3.42,2.18,2,1
2025-12-15,Man United,Bournemouth,0.47595307274645615,0.23005835590015644,0.2939885713533875,1,0,False,1.76,4.18,4.1,2,1
2025-12-20,Wolves,Brentford,0.2916466245745839,0.25127638826764515,0.45707698715777106,2,2,False,3.42,3.37,2.15,0,0
2025-12-20,Tottenham,Liverpool,0.2888906304283422,0.21901260222126762,0.4920967673503901,2,2,False,3.54,3.59,2.02,0,0
2025-12-20,Man City,West Ham,0.7486926474937392,0.1527910953575906,0.09851625714867013,0,0,False,1.2,7.44,12.02,2,0
2025-12-20,Newcastle,Chelsea,0.5103076454250595,0.2204094109275962,0.26928294364734423,1,0,False,2.79,3.53,2.41,2,0
2025-12-20,Everton,Arsenal,0.22839691863816242,0.2505139684928507,0.521089112868987,2,2,False,6.26,4.02,1.54,0,1
2025-12-20,Brighton,Sunderland,0.5503755510878656,0.24637273104435994,0.20325171786777452,1,0,False,1.83,3.65,4.27,0,0
2025-12-20,Bournemouth,Burnley,0.6626263651632343,0.1889754807397858,0.14839815409697998,1,0,False,1.47,4.62,6.47,0,0
2025-12-20,Leeds,Crystal Palace,0.38600454569676695,0.2610065789116147,0.3529888753916183,0,0,False,2.83,3.06,2.66,2,0
2025-12-21,Aston Villa,Man United,0.4645045485932865,0.23293474106411105,0.30256071034260235,0,0,False,2.01,3.67,3.53,1,1
2025-12-22,Fulham,Nott'm Forest,0.46756745436149894,0.25985483336668397,0.27257771227181693,0,0,False,2.55,3.33,2.75,1,0
2025-12-26,Man United,Newcastle,0.3898021612281129,0.23108786337978565,0.37910997539210134,0,0,False,2.47,3.64,2.66,1,0
2025-12-27,West Ham,Fulham,0.3925236213411774,0.2543875307993417,0.3530888478594808,2,0,False,2.98,3.33,2.39,0,0
2025-12-27,Nott'm Forest,Man City,0.2366233640005417,0.23925571491094694,0.5241209210885114,2,2,False,5.17,4.16,1.61,0,0
2025-12-27,Chelsea,Aston Villa,0.5355911371674946,0.2207314224248949,0.24367744040761063,2,0,False,1.77,3.94,4.23,1,0
2025-12-27,Liverpool,Wolves,0.770914216112995,0.14223122446316958,0.0868545594238351,0,0,False,1.24,6.43,11.22,2,0
2025-12-27,Brentford,Bournemouth,0.49802183124436417,0.22893811285292673,0.27304005590270913,0,0,False,2.28,3.47,3.04,2,0
2025-12-27,Arsenal,Brighton,0.6446214041861682,0.19961220025494952,0.15576639555888216,0,0,False,1.32,5.45,8.87,1,0
2025-12-27,Burnley,Everton,0.3259052513317291,0.26029825635423137,0.4137964923140395,1,2,False,3.66,3.1,2.18,0,0
2025-12-28,Crystal Palace,Tottenham,0.49986884853724406,0.23176815053253064,0.26836300093022514,2,0,False,2.23,3.38,3.22,0,1
2025-12-28,Sunderland,Leeds,0.40688628137286614,0.28983594229974763,0.30327777632738595,1,0,False,2.84,3.1,2.63,1,0
2025-12-30,West Ham,Brighton,0.32985766877741335,0.23815083420487168,0.4319914970177152,1,2,False,3.32,3.59,2.1,2,1
2025-12-30,Arsenal,Aston Villa,0.6572807667091922,0.1992993881553035,0.14341984513550426,0,0,False,1.37,5.03,7.76,0,0
2025-12-30,Burnley,Newcastle,0.20581335648177532,0.21483910491325037,0.5793475386049745,2,2,False,5.71,4.12,1.56,1,2
2025-12-30,Chelsea,Bournemouth,0.5360446507358734,0.2175828194544851,0.24637252980964158,1,0,False,1.56,4.45,5.25,2,2
2025-12-30,Man United,Wolves,0.6194981679161762,0.20745845037493527,0.17304338170888847,1,0,False,1.37,5.04,7.63,1,1
2025-12-30,Nott'm Forest,Everton,0.42828054558355944,0.26798902282109294,0.30373043159534757,2,0,False,1.9,3.37,4.29,0,1
2026-01-01,Liverpool,Leeds,0.6902042648501931,0.17469521408147212,0.1351005210683347,1,0,False,1.47,4.45,6.68,0,0
2026-01-01,Sunderland,Man City,0.23421421319855792,0.26297170235641076,0.5028140844450313,1,2,False,7.23,4.7,1.42,0,0
2026-01-01,Brentford,Tottenham,0.5247305621170999,0.2217618419929648,0.2535075958899352,1,0,False,2.4,3.4,2.91,0,0
2026-01-01,Crystal Palace,Fulham,0.5151274053588442,0.24061953451764218,0.24425306012351383,1,0,False,2.22,3.27,3.34,1,0
2026-01-03,Aston Villa,Nott'm Forest,0.5278266626775512,0.24178114771501036,0.2303921896074385,0,0,False,1.9,3.51,4.1,1,0
2026-01-03,Bournemouth,Arsenal,0.27193326584982797,0.2452594765497244,0.48280725760044785,2,2,False,5.95,4.43,1.51,1,1
2026-01-03,Brighton,Burnley,0.6847929610335364,0.18070343070079364,0.13450360826567015,0,0,False,1.45,4.51,7.0,1,0
2026-01-03,Wolves,West Ham,0.42396948425768155,0.2629225588412549,0.31310795690106363,0,0,False,2.63,3.36,2.66,3,0
2026-01-04,Everton,Brentford,0.3793820908995803,0.2568901506652522,0.36372775843516747,2,0,False,2.46,3.16,3.01,0,1
2026-01-04,Fulham,Liverpool,0.2623464707010012,0.23304864471636041,0.5046048845826383,1,2,False,4.07,3.61,1.88,1,0
2026-01-04,Leeds,Man United,0.4208514289159304,0.24856938840510678,0.3305791826789629,1,0,False,2.73,3.3,2.59,0,0
2026-01-04,Man City,Chelsea,0.6067278365769364,0.20205984654938502,0.19121231687367862,1,0,False,1.47,4.9,5.88,1,0
2026-01-04,Newcastle,Crystal Palace,0.5562874926297924,0.2223960857834937,0.22131642158671383,0,0,False,1.68,3.93,4.9,0,0
2026-01-04,Tottenham,Sunderland,0.5216407024311827,0.2567452367570792,0.2216140608117382,1,0,False,1.97,3.39,3.95,1,0
2026-01-06,West Ham,Nott'm Forest,0.40991909382179903,0.2617891655458118,0.3282917406323892,2,0,False,2.92,3.39,2.39,1,0
2026-01-07,Newcastle,Leeds,0.5957638921635695,0.21588345677866902,0.1883526510577614,0,0,False,1.61,3.94,5.56,1,2
2026-01-07,Man City,Brighton,0.6304810142552881,0.1970650303043131,0.17245395544039893,1,0,False,1.5,4.62,5.79,1,0
2026-01-07,Fulham,Chelsea,0.36506697155395224,0.24704677840993888,0.38788625003610894,0,2,False,3.61,3.56,2.01,0,0
2026-01-07,Everton,Wolves,0.5252477790108186,0.2553346587257692,0.2194175622634123,1,0,False,1.84,3.46,4.51,1,0
2026-01-07,Bournemouth,Tottenham,0.4960559503105089,0.2308435036132497,0.27310054607624146,0,0,False,2.17,3.51,3.21,2,1
2026-01-07,Burnley,Man United,0.2759736191506963,0.23620555029257495,0.48782083055672865,1,2,False,4.8,3.76,1.72,1,0
2026-01-07,Brentford,Sunderland,0.561499424274877,0.244869453149368,0.19363112257575515,0,0,False,2.01,3.22,4.07,1,0
2026-01-07,Crystal Palace,Aston Villa,0.46930781212741224,0.24366235703662498,0.2870298308359628,1,0,False,2.99,3.33,2.38,0,0
2026-01-08,Arsenal,Liverpool,0.50956751271481,0.23397467601563263,0.2564578112695574,1,0,False,1.57,4.16,5.65,0,0
2026-01-17,Sunderland,Crystal Palace,0.3252522028989453,0.285180686674278,0.3895671104267767,0,2,False,2.38,3.13,3.15,1,1
2026-01-17,Tottenham,West Ham,0.5744679283404054,0.22111001513438708,0.2044220565252075,2,0,False,1.84,3.72,4.13,0,1
2026-01-17,Nott'm Forest,Arsenal,0.20367608198464732,0.2538905079431619,0.5424334100721908,1,2,False,5.79,3.87,1.6,0,0
2026-01-17,Chelsea,Brentford,0.5013566505724718,0.22660564230229674,0.2720377071252313,0,0,False,1.86,3.78,3.93,1,0
2026-01-17,Liverpool,Burnley,0.8147004122119645,0.12151809934749587,0.06378148844053944,1,0,False,1.23,6.38,11.91,1,0
2026-01-17,Leeds,Fulham,0.4594059588477428,0.26314004808898855,0.27745399306326846,0,0,False,2.31,3.34,3.1,0,0
2026-01-17,Man United,Man City,0.30444893303249393,0.23924359766507478,0.4563074693024314,0,2,False,3.01,3.63,2.23,0,0
2026-01-18,Aston Villa,Everton,0.5142364433675617,0.24623457930132225,0.23952897733111606,2,0,False,1.6,3.94,5.77,0,0
2026-01-18,Wolves,Newcastle,0.23947669451187614,0.24577113468856562,0.5147521707995583,1,2,False,4.5,3.98,1.72,0,0
2026-01-19,Brighton,Bournemouth,0.48530412606052564,0.23391790813114807,0.2807779658083265,1,0,False,1.96,3.79,3.55,0,1
2026-01-24,West Ham,Sunderland,0.43296716374477384,0.2767613165406908,0.29027151971453535,0,0,False,2.21,3.32,3.28,3,0
2026-01-24,Man City,Wolves,0.7352973336726961,0.1702119382734386,0.09449072805386513,0,0,False,1.3,5.63,9.5,2,0
2026-01-24,Fulham,Brighton,0.3810420295704291,0.25755547365531833,0.3614024967742525,0,0,False,2.57,3.28,2.76,0,1
2026-01-24,Bournemouth,Liverpool,0.30723513823469095,0.23502353888119878,0.45774132288411007,0,2,False,4.21,3.98,1.77,2,1
2026-01-24,Burnley,Tottenham,0.27852446551926546,0.25058683935788395,0.47088869512285075,1,2,False,3.85,3.33,2.01,1,1
2026-01-25,Arsenal,Man United,0.6522498209020844,0.20076120542375722,0.14698897367415853,2,0,False,1.54,4.32,5.69,1,1
2026-01-25,Brentford,Nott'm Forest,0.5673955394361043,0.23214211826171535,0.20046234230218027,2,0,False,1.84,3.5,4.38,0,1
2026-01-25,Crystal Palace,Chelsea,0.4071981755700249,0.2451203258168206,0.3476814986131546,2,0,False,3.39,3.48,2.11,0,1
2026-01-25,Newcastle,Aston Villa,0.5619211056659277,0.22180064202238722,0.21627825231168496,2,0,False,2.15,3.53,3.26,0,1
2026-01-26,Everton,Leeds,0.41687029796234226,0.27231301483509435,0.3108166872025633,1,0,False,2.49,3.07,3.03,0,1
2026-01-31,Liverpool,Newcastle,0.5483858029739203,0.21706186163660937,0.23455233538947046,0,0,False,1.64,4.22,4.78,2,1
2026-01-31,Leeds,Arsenal,0.23578420781048925,0.26011578495798066,0.50410000723153,2,2,False,5.87,3.99,1.57,0,2
2026-01-31,Wolves,Bournemouth,0.3038308718305529,0.2661824639813898,0.42998666418805737,2,2,False,2.94,3.41,2.37,0,1
2026-01-31,Brighton,Everton,0.5372666154243704,0.2384890359923123,0.2242443485833173,1,0,False,1.91,3.47,4.08,0,0
2026-01-31,Chelsea,West Ham,0.6532660640653873,0.18984075692209057,0.15689317901252206,0,0,False,1.59,4.34,5.11,0,2
2026-02-01,Tottenham,Man City,0.2873439078092085,0.24262593979148603,0.47003015239930546,1,2,False,4.98,4.01,1.65,0,2
2026-02-01,Nott'm Forest,Crystal Palace,0.37181642427047157,0.27026719168752467,0.3579163840420036,1,0,False,2.09,3.22,3.73,1,1
2026-02-01,Aston Villa,Brentford,0.4323437512002253,0.24599039528651714,0.3216658535132575,2,0,False,2.3,3.32,3.13,0,1
2026-02-01,Man United,Fulham,0.5372913855614692,0.23557674844509113,0.22713186599343976,0,0,False,1.52,4.63,5.47,1,0
2026-02-02,Sunderland,Burnley,0.5111485512165055,0.26860475697769365,0.22024669180580084,0,0,False,1.91,3.23,4.46,2,0
2026-02-06,Leeds,Nott'm Forest,0.4926681239105863,0.2630244271437215,0.24430744894569242,0,0,False,2.14,3.37,3.4,2,0
2026-02-07,Newcastle,Brentford,0.5321842208512293,0.2256834529956291,0.24213232615314148,2,0,False,1.92,3.7,3.77,1,2
2026-02-07,Arsenal,Sunderland,0.717827220967315,0.19146678726061067,0.09070599177207428,0,0,False,1.26,5.65,12.04,1,0
2026-02-07,Bournemouth,Aston Villa,0.4705497988898204,0.2428041028699521,0.28664609824022735,1,0,False,2.84,3.58,2.35,0,1
2026-02-07,Burnley,West Ham,0.3554489830058448,0.26076840410866187,0.3837826128854933,2,2,False,3.11,3.58,2.19,0,2
2026-02-07,Fulham,Everton,0.4429329935893087,0.271750064379063,0.2853169420316284,2,0,False,2.13,3.41,3.4,1,0
2026-02-07,Man United,Tottenham,0.5056523268635382,0.23121587656634748,0.2631317965701142,0,0,False,1.59,4.38,4.95,1,0
2026-02-07,Wolves,Chelsea,0.27210845140986684,0.25174928313685224,0.4761422654532809,2,2,False,5.31,4.19,1.58,0,3
2026-02-08,Liverpool,Man City,0.47463134243007316,0.23536230251052673,0.2900063550594001,2,0,False,2.15,3.84,3.01,0,0
2026-02-08,Brighton,Crystal Palace,0.48328473182381365,0.2406127367509764,0.27610253142521,2,0,False,2.19,3.27,3.39,0,0
2026-02-10,Chelsea,Leeds,0.5630950039422117,0.22096469341973746,0.2159403026380509,1,0,False,1.51,4.4,6.03,1,0
2026-02-10,Everton,Bournemouth,0.3816015428109265,0.2624197934563866,0.35597866373268694,2,0,False,2.32,3.41,3.0,1,0
2026-02-10,Tottenham,Newcastle,0.35844444404858955,0.24442406201836353,0.3971314939330469,2,2,False,3.0,3.6,2.25,0,1
2026-02-10,West Ham,Man United,0.33494953681458783,0.24419338235918794,0.4208570808262241,1,2,False,4.47,4.15,1.69,0,0
2026-02-11,Man City,Fulham,0.6707099463053503,0.19563852778217916,0.13365152591247045,0,0,False,1.37,5.23,7.38,3,0
2026-02-11,Nott'm Forest,Wolves,0.4820367740625623,0.2738176220728848,0.24414560386455297,1,0,False,1.73,3.79,4.66,0,0
2026-02-11,Aston Villa,Brighton,0.4510377703003666,0.24440567769257104,0.30455655200706244,0,0,False,2.06,3.69,3.34,0,0
2026-02-11,Crystal Palace,Burnley,0.6650903501548634,0.19820711420660608,0.13670253563853027,2,0,False,1.46,4.45,6.9,2,3
2026-02-11,Sunderland,Liverpool,0.20704906037841608,0.24380222783862807,0.5491487117829561,2,2,False,4.45,3.83,1.75,0,0
2026-02-12,Brentford,Arsenal,0.27595745054505316,0.254961224097934,0.4690813253570129,1,2,False,5.08,3.77,1.68,0,0
2026-02-18,Wolves,Arsenal,0.1560014945217583,0.23478641068168177,0.6092120947965598,1,2,False,12.35,5.93,1.24,0,1
2026-02-21,Aston Villa,Leeds,0.49950798469719937,0.245948250034317,0.2545437652684839,1,0,False,1.82,3.68,4.18,0,1
2026-02-21,Brentford,Brighton,0.4808616579240913,0.23662440088817882,0.2825139411877299,2,0,False,2.25,3.39,3.13,0,2
2026-02-21,Chelsea,Burnley,0.7424921059439021,0.15702492559715048,0.10048296845894723,1,0,False,1.23,6.31,11.6,1,0
2026-02-21,Man City,Newcastle,0.5445432469106002,0.2250370581639057,0.2304196949254942,0,0,False,1.54,4.63,5.31,2,1
2026-02-21,West Ham,Bournemouth,0.3379760633994137,0.24764884712990143,0.4143750894706849,1,2,False,2.66,3.62,2.46,0,0
2026-02-22,Crystal Palace,Wolves,0.5911725976462793,0.2325322325425628,0.1762951698111579,0,0,False,1.77,3.71,4.44,0,0
2026-02-22,Nott'm Forest,Liverpool,0.23491989556181697,0.23546620333375912,0.5296139011044237,2,2,False,3.83,3.78,1.87,0,0
2026-02-22,Sunderland,Fulham,0.37307117640604553,0.2939243337450039,0.3330044898489507,2,0,False,2.85,3.18,2.55,0,0
2026-02-22,Tottenham,Arsenal,0.2395240725032325,0.24805148268839025,0.5124244448083773,2,2,False,7.2,4.35,1.45,1,1
2026-02-23,Everton,Man United,0.38289587245867485,0.2591109817713494,0.3579931457699759,2,0,False,3.52,3.62,1.99,0,0
2026-02-27,Wolves,Aston Villa,0.3058663350716861,0.27084354549321527,0.4232901194350986,0,2,False,4.6,3.74,1.74,0,0
2026-02-28,Bournemouth,Sunderland,0.5673602219620905,0.24164957169743778,0.19099020634047165,1,0,False,1.8,3.68,4.27,0,1
2026-02-28,Burnley,Brentford,0.23561848443188133,0.2378176976837212,0.5265638178843974,2,2,False,4.34,3.79,1.77,1,3
2026-02-28,Leeds,Man City,0.26684957002729637,0.24687792107451595,0.4862725088981876,2,2,False,4.77,3.91,1.69,0,1
2026-02-28,Liverpool,West Ham,0.7505634102498437,0.1504328187165538,0.09900377103360268,0,0,False,1.41,4.98,6.69,3,0
2026-02-28,Newcastle,Everton,0.606678951836408,0.2169879761149455,0.17633307204864648,2,0,False,1.78,3.73,4.34,1,2
2026-03-01,Arsenal,Chelsea,0.6203562184444298,0.21021946320848425,0.16942431834708607,0,0,False,1.5,4.36,6.05,1,1
2026-03-01,Brighton,Nott'm Forest,0.5508363973562462,0.23661993947569593,0.21254366316805778,0,0,False,2.09,3.39,3.48,2,1
2026-03-01,Fulham,Tottenham,0.428697674127425,0.255425890582186,0.315876435290389,0,0,False,2.02,3.66,3.45,2,0
2026-03-01,Man United,Crystal Palace,0.4822877388647954,0.2413206074734029,0.27639165366180163,0,0,False,1.51,4.35,5.95,0,1
2026-03-03,Wolves,Liverpool,0.18053153777862713,0.2194155356573839,0.6000529265639889,0,2,False,6.85,4.71,1.43,0,0
2026-03-03,Leeds,Sunderland,0.5160676518249304,0.2632544587813517,0.22067788939371796,2,0,False,1.81,3.51,4.51,0,0
2026-03-03,Bournemouth,Brentford,0.4449406343829404,0.240677446734941,0.31438191888211864,1,0,False,2.5,3.56,2.65,0,0
2026-03-03,Everton,Burnley,0.5890027553595154,0.23367972691478492,0.17731751772569976,0,0,False,1.61,3.78,5.73,1,0
2026-03-04,Aston Villa,Chelsea,0.40419745053343115,0.2428328863735251,0.35296966309304384,2,0,False,2.64,3.48,2.54,1,2
2026-03-04,Brighton,Arsenal,0.26432002065938404,0.2552409997582099,0.4804389795824061,2,2,False,5.03,3.84,1.67,0,1
2026-03-04,Fulham,West Ham,0.507609499361039,0.2463596074599168,0.2460308931790443,2,0,False,2.2,3.51,3.13,0,0
2026-03-04,Man City,Nott'm Forest,0.6890252525750379,0.18953402787913579,0.12144071954582618,1,0,False,1.39,4.83,7.62,1,0
2026-03-04,Newcastle,Man United,0.5448317353361425,0.22152731502359635,0.23364094964026122,0,0,False,2.56,3.62,2.52,1,1
2026-03-05,Tottenham,Crystal Palace,0.4328846411686064,0.2491202455673105,0.31799511326408303,2,0,False,2.44,3.37,2.83,1,3
2026-03-14,West Ham,Man City,0.21256101111534692,0.2246190596627306,0.5628199292219224,1,2,False,4.81,4.16,1.63,1,1
2026-03-14,Chelsea,Newcastle,0.4638551302720333,0.22749697240129316,0.30864789732667364,2,0,False,1.69,4.24,4.3,0,1
2026-03-14,Sunderland,Brighton,0.3152779603396615,0.27632385401883763,0.4083981856415008,2,2,False,3.64,3.46,2.01,0,0
2026-03-14,Arsenal,Everton,0.6905661016275368,0.1968219177130693,0.11261198065939405,0,0,False,1.37,4.65,8.58,0,0
2026-03-14,Burnley,Bournemouth,0.24799101949130214,0.24194313229602926,0.5100658482126686,1,2,False,3.92,3.93,1.82,0,0
2026-03-15,Crystal Palace,Leeds,0.49542205362750646,0.24618959264548926,0.25838835372700425,1,0,False,2.66,3.23,2.69,0,0
2026-03-15,Liverpool,Tottenham,0.6811983730903703,0.17695892499065802,0.14184270191897178,1,0,False,1.3,5.87,8.24,1,0
2026-03-15,Man United,Aston Villa,0.4922733474421738,0.23817845295275455,0.26954819960507165,0,0,False,1.69,4.0,4.56,0,0
2026-03-15,Nott'm Forest,Fulham,0.4210165846304247,0.2709843781842746,0.30799903718530086,1,0,False,2.29,3.31,3.13,0,0
2026-03-16,Brentford,Wolves,0.6256323267306012,0.21380143178320185,0.16056624148619691,1,0,False,1.53,4.29,5.78,2,1
2026-03-20,Bournemouth,Man United,0.452829050963303,0.23866442148284933,0.3085065275538477,1,0,False,3.07,3.72,2.15,0,0
2026-03-21,Leeds,Brentford,0.3925557516598961,0.2527910591535413,0.3546531891865625,1,0,False,2.35,3.41,2.95,0,0
2026-03-21,Brighton,Liverpool,0.32053762421683873,0.23904707903180603,0.44041529675135516,0,2,False,3.05,3.62,2.19,1,1
2026-03-21,Everton,Chelsea,0.3337153980013674,0.25159515726495796,0.41468944473367453,0,2,False,3.15,3.43,2.22,1,0
2026-03-21,Fulham,Burnley,0.5968990139493541,0.22877251652238775,0.17432846952825812,0,0,False,1.52,4.29,5.92,0,0
2026-03-22,Tottenham,Nott'm Forest,0.4999278395718241,0.24922950817136286,0.2508426522568131,2,0,False,2.37,3.29,3.0,0,1
2026-03-22,Aston Villa,West Ham,0.5577339912289379,0.22981616930901308,0.21244983946204915,0,0,False,1.73,3.79,4.55,1,0
2026-03-22,Newcastle,Sunderland,0.6333186570953868,0.2182034680254559,0.1484778748791572,2,0,False,1.53,4.2,5.83,1,0
2026-04-10,West Ham,Wolves,0.48466747122085296,0.2596805740766058,0.2556519547025413,0,0,False,1.77,3.74,4.38,1,0
2026-04-11,Arsenal,Bournemouth,0.653038163038223,0.20431869543548614,0.1426431415262906,2,0,False,1.47,4.47,6.4,1,1
2026-04-11,Brentford,Everton,0.5339170162669276,0.2406927108101517,0.2253902729229206,1,0,False,2.15,3.34,3.37,1,1
2026-04-11,Burnley,Brighton,0.2353002299208812,0.23962035336995052,0.5250794167091682,2,2,False,5.29,4.13,1.59,0,1
2026-04-11,Liverpool,Fulham,0.6758676670080417,0.18667126795297947,0.13746106503897867,0,0,False,1.71,4.06,4.38,2,0
2026-04-12,Sunderland,Tottenham,0.37430784518230464,0.2781092773693298,0.3475828774483659,0,0,False,2.75,3.31,2.53,0,0
2026-04-12,Chelsea,Man City,0.3658979923417376,0.24127281844421752,0.39282918921404497,2,2,False,3.48,3.89,1.94,0,0
2026-04-12,Crystal Palace,Newcastle,0.38163763885830426,0.24999758654306029,0.3683647745986354,0,0,False,2.91,3.3,2.42,0,1
2026-04-12,Nott'm Forest,Aston Villa,0.3738860235519654,0.26966946400414543,0.3564445124438892,1,0,False,2.35,3.32,2.99,1,1
2026-04-13,Man United,Leeds,0.518043602918379,0.24051225373316854,0.2414441433484524,2,0,False,1.62,4.07,5.08,0,2
2026-04-18,Brentford,Fulham,0.536874712407434,0.23573337634053676,0.22739191125202934,1,0,False,1.96,3.75,3.52,0,0
2026-04-18,Chelsea,Man United,0.5268348129104297,0.22084806116118724,0.252317125928383,2,0,False,2.1,3.69,3.21,0,1
2026-04-18,Leeds,Wolves,0.5607211357845766,0.2454500203031753,0.19382884391224817,0,0,False,1.53,4.11,6.26,2,0
2026-04-18,Newcastle,Bournemouth,0.5355898137514252,0.22282425799670166,0.24158592825187303,2,0,False,2.18,3.67,3.04,0,1
2026-04-18,Tottenham,Brighton,0.4014049026906259,0.2493500967141921,0.3492450005951821,1,0,False,2.93,3.76,2.21,1,1
2026-04-19,Aston Villa,Sunderland,0.5226061291444455,0.2606681238945282,0.2167257469610264,0,0,False,1.73,3.66,4.8,2,1
2026-04-19,Everton,Liverpool,0.26047966245507714,0.24275691655506,0.49676342098986304,2,2,False,3.2,3.33,2.24,0,1
2026-04-19,Man City,Arsenal,0.4019749299704618,0.2682313320292491,0.3297937380002892,0,0,False,1.84,3.59,4.22,1,1
2026-04-19,Nott'm Forest,Burnley,0.568737958370235,0.24061689473293085,0.19064514689683426,0,0,False,1.46,4.39,6.84,0,1
2026-04-20,Crystal Palace,West Ham,0.5621295184565289,0.22944421906992116,0.20842626247354987,1,0,False,2.53,3.33,2.76,0,0
2026-04-21,Brighton,Chelsea,0.4247633266591605,0.23902207542529766,0.3362145979155418,0,0,False,2.28,3.43,3.01,1,0
2026-04-22,Burnley,Man City,0.1386159028623298,0.19711699475834893,0.6642671023793214,2,2,False,15.78,8.1,1.15,0,1
2026-04-22,Bournemouth,Leeds,0.4920465599424682,0.24422215085556148,0.2637312892019705,1,0,False,1.83,3.78,4.02,0,0
2026-04-24,Sunderland,Nott'm Forest,0.41223758138737415,0.2928156832124708,0.2949467354001549,2,0,False,2.66,3.1,2.75,0,4
2026-04-25,Arsenal,Newcastle,0.6082043996370625,0.21634726089996067,0.17544833946297678,0,0,False,1.38,4.87,7.59,1,0
2026-04-25,Fulham,Aston Villa,0.3969882267309679,0.2627588490625452,0.3402529242064869,0,0,False,2.43,3.55,2.7,1,0
2026-04-25,Liverpool,Crystal Palace,0.6265737518188766,0.2022736655901194,0.1711525825910039,0,0,False,1.56,4.37,5.21,2,0
2026-04-25,West Ham,Everton,0.39876479165319445,0.2678911532447254,0.3333440551020801,0,0,False,2.42,3.38,2.82,0,0
2026-04-25,Wolves,Tottenham,0.3298619165922546,0.26636531308214456,0.40377277032560077,2,2,False,4.62,4.17,1.64,0,0
2026-04-27,Man United,Brentford,0.45494624648834936,0.24021203823238937,0.3048417152792613,0,0,False,1.96,3.73,3.53,2,0
2026-05-01,Leeds,Burnley,0.6446945588254773,0.20842188805182657,0.14688355312269596,0,0,False,1.36,4.93,8.54,1,0
2026-05-02,Newcastle,Brighton,0.5053946128143159,0.23184008605433742,0.2627653011313468,0,0,False,2.66,3.6,2.46,2,0
2026-05-02,Wolves,Sunderland,0.3858297328053736,0.2931313621594044,0.32103890503522203,1,0,False,3.67,3.52,1.98,0,1
2026-05-02,Arsenal,Fulham,0.6904320904798346,0.19408495189635389,0.1154829576238115,0,0,False,1.45,4.42,7.02,3,0
2026-05-02,Brentford,West Ham,0.5975428481277344,0.21308807648926437,0.18936907538300135,0,0,False,1.86,3.86,3.8,1,0
2026-05-03,Aston Villa,Tottenham,0.49522696367376107,0.23996675958707434,0.26480627673916457,2,0,False,2.24,3.54,2.99,0,2
2026-05-03,Bournemouth,Crystal Palace,0.47250210007484494,0.24247266013181323,0.2850252397933417,0,0,False,1.56,4.23,5.36,2,0
2026-05-03,Man United,Liverpool,0.33700226001059685,0.2352894685875589,0.42770827140184425,0,2,False,2.35,3.71,2.74,2,0
2026-05-04,Chelsea,Nott'm Forest,0.6019962689526484,0.21565389450062475,0.18234983654672707,2,0,False,1.41,4.78,7.11,0,2
2026-05-04,Everton,Man City,0.24704758765934054,0.24769921856891966,0.5052531937717398,1,2,False,6.69,4.61,1.44,0,1
2026-05-09,Brighton,Wolves,0.6283889906297238,0.21526872117337992,0.15634228819689633,0,0,False,1.27,5.95,9.93,2,0
2026-05-09,Fulham,Bournemouth,0.38464133129763767,0.2543887493937156,0.36096991930864675,2,0,False,2.63,3.6,2.47,0,0
2026-05-09,Liverpool,Chelsea,0.5723404513620198,0.20577907476232415,0.22188047387565601,1,0,False,1.99,3.69,3.48,1,1
2026-05-09,Sunderland,Man United,0.3170326967072202,0.26868417386397947,0.4142831294288002,1,2,False,3.21,3.51,2.15,0,0
2026-05-09,Man City,Brentford,0.6118585213307746,0.20659726794375977,0.1815442107254655,0,0,False,1.34,5.57,7.32,0,0
2026-05-10,Nott'm Forest,Newcastle,0.3201374442189629,0.25465622668942584,0.4252063290916115,1,2,False,3.27,3.44,2.15,0,0
2026-05-10,West Ham,Arsenal,0.18104571439341796,0.22934791058879692,0.5896063750177851,2,2,False,5.83,4.14,1.54,0,0
2026-05-10,Crystal Palace,Everton,0.4983800700542004,0.25456051842226196,0.24705941152353772,1,0,False,2.78,3.25,2.54,1,1
2026-05-10,Burnley,Aston Villa,0.25387111907643223,0.2495916965880515,0.4965371843355163,1,2,False,6.34,4.42,1.48,1,1
2026-05-11,Tottenham,Leeds,0.4422711633239999,0.2533956360447463,0.3043332006312539,1,0,False,1.81,3.73,4.15,0,0
2026-05-13,Man City,Crystal Palace,0.6311735391817225,0.20564741109796345,0.16317904972031388,0,0,False,1.3,5.7,8.53,2,0
2026-05-15,Aston Villa,Liverpool,0.32109582022169625,0.24080798723688954,0.4380961925414142,0,2,False,2.68,3.42,2.5,1,0
2026-05-17,Newcastle,West Ham,0.6435642195939397,0.1961686341086599,0.16026714629740027,0,0,False,2.05,3.81,3.15,2,0
2026-05-17,Brentford,Crystal Palace,0.4882293484890883,0.24080468679166073,0.270965964719251,1,0,False,1.72,3.9,4.41,1,1
2026-05-17,Everton,Sunderland,0.48845128007293026,0.2736430344816019,0.23790568544546783,2,0,False,1.84,3.58,4.13,1,0
2026-05-17,Leeds,Brighton,0.41699825691497994,0.25676191865488857,0.32623982443013144,0,0,False,3.43,3.48,2.04,0,0
2026-05-17,Man United,Nott'm Forest,0.5494963462207194,0.2370890347168164,0.2134146190624641,0,0,False,1.56,4.42,5.12,1,0
2026-05-17,Wolves,Fulham,0.35026499507144426,0.27911975028179115,0.3706152546467646,1,2,False,4.03,3.63,1.84,1,1
2026-05-18,Arsenal,Burnley,0.8238728573668014,0.12368470800600853,0.052442434627189914,0,0,False,1.09,10.11,22.69,1,0
2026-05-19,Bournemouth,Man City,0.3082833497528299,0.2419545309116083,0.44976211933556176,1,2,False,4.62,4.24,1.63,1,0
2026-05-19,Chelsea,Tottenham,0.5743366477955091,0.21401855942485606,0.21164479277963494,0,0,False,2.19,3.28,3.25,1,0
2026-05-24,Nott'm Forest,Bournemouth,0.3630077639796467,0.2596068209676303,0.3773854150527231,1,2,False,3.54,3.7,1.96,1,0
2026-05-24,Man City,Aston Villa,0.6391532568289775,0.2017842845499389,0.15906245862108365,2,0,False,1.39,5.15,6.71,1,0
2026-05-24,Sunderland,Chelsea,0.2951991084559505,0.26095579445960215,0.44384509708444736,0,2,False,3.39,3.65,2.03,1,0
2026-05-24,Liverpool,Brentford,0.6028595347502006,0.2030293255367522,0.19411113971304728,1,0,False,1.77,4.06,3.96,0,0
2026-05-24,Tottenham,Everton,0.48101184138233133,0.2523336123371458,0.2666545462805228,0,0,False,1.87,3.48,4.1,1,0
2026-05-24,Crystal Palace,Arsenal,0.26044566247458956,0.26035853729860825,0.4791958002268024,2,2,False,3.97,3.66,1.86,0,1
2026-05-24,Burnley,Wolves,0.3891987780972812,0.27878342848827214,0.3320177934144467,1,0,False,2.39,3.42,2.82,0,1
2026-05-24,Brighton,Man United,0.4761741573818149,0.23924852945467012,0.284577313163515,2,0,False,1.87,4.08,3.49,0,2
2026-05-24,Fulham,Newcastle,0.33783847787080296,0.251340015305671,0.4108215068235262,0,2,False,2.54,3.63,2.53,1,0
2026-05-24,West Ham,Leeds,0.3755397621022675,0.261607336577912,0.36285290131982056,0,0,False,1.7,4.11,4.35,0,0
